/*Data for the table `bus` */

insert  into `bus`(`Plate_No`,`Model`,`Capacity`,`Date_Acquired`) values ('SHA8254Z','Toyota',72,'2010-10-05'),('SHA9303J','Toyota',46,'2006-04-25'),('SHB4928Z','Volvo',46,'2007-06-18'),('SHB9088W','Toyota',46,'2007-01-23'),('SHE1541L','Toyota',72,'2007-09-23'),('SHE7395K','Volvo',46,'2011-06-27'),('SHG2119L','Toyota',72,'2007-03-13'),('SHI2052G','Toyota',46,'2007-07-02'),('SHK7237L','Volvo',46,'2009-05-12'),('SHL8516O','BMW',46,'2005-06-23'),('SHM4706J','Volvo',72,'2010-07-22'),('SHM4949R','BMW',72,'2005-11-09'),('SHM5991A','Toyota',46,'2007-04-09'),('SHM7652R','Toyota',72,'2010-08-24'),('SHM8125L','BMW',72,'2007-09-23'),('SHM9811G','Toyota',46,'2009-05-12'),('SHO4779M','BMW',72,'2010-03-17'),('SHQ8495N','Toyota',72,'2010-12-02'),('SHR5465B','BMW',46,'2005-04-24'),('SHR5663L','BMW',72,'2010-12-28'),('SHS5259Y','BMW',72,'2008-07-26'),('SHT2921G','Toyota',72,'2006-05-24'),('SHT3660M','Volvo',72,'2010-11-23'),('SHU4545S','Toyota',46,'2011-06-15'),('SHU4886Y','Volvo',46,'2007-09-30'),('SHU6160Q','Volvo',72,'2010-05-05'),('SHV2399U','Toyota',72,'2007-07-29'),('SHV4205K','Toyota',72,'2009-08-17'),('SHY1240J','Volvo',46,'2011-11-29'),('SHY8438T','BMW',46,'2010-05-03'),('SHZ1940F','BMW',46,'2006-10-30'),('SHZ7036F','Toyota',46,'2008-05-06'),('SHZ8927D','BMW',46,'2008-11-23'),('SZI3294H','Toyota',46,'2005-12-06'),('SZK4221V','Volvo',72,'2005-05-04'),('SZP1969R','Volvo',46,'2006-04-08'),('SZV8375K','Volvo',72,'2008-07-30'),('SZW4511Y','Volvo',46,'2007-08-20'),('SZY1607S','Toyota',46,'2008-04-15'),('SZY5893T','BMW',72,'2007-10-29'),('SZY7625L','Toyota',46,'2006-08-30');

/*Data for the table `card` */

insert  into `card`(`Card_ID`,`Owner_NRIC`,`Issued_Date`,`Stored_Value`,`Old_Card_ID`) values (1,'S4994039D','2001-01-29',124.96,0),(2,'S2183589G','2001-02-14',0,0),(3,'S8399215H','2001-03-14',0,0),(4,'S3682652E','2001-04-01',0,0),(5,'S0618973C','2001-04-17',0.23,0),(6,'S4615005H','2001-05-28',0,0),(7,'S2363716B','2001-06-02',163.43,0),(8,'S4303996B','2001-06-11',0,0),(9,'S4381059F','2001-07-30',123.2,0),(10,'S1657908D','2001-09-01',38.4,0),(11,'S9238101C','2001-09-06',0,0),(12,'S6386377G','2001-09-21',0,0),(13,'S7696234J','2001-09-26',122.76,0),(14,'S4261775Z','2001-10-16',4.63,0),(15,'S8850676F','2001-10-25',0,0),(16,'S5083725D','2001-11-22',33.69,0),(17,'S4940914A','2001-12-23',47.57,0),(18,'S7580840B','2002-01-14',135.68,0),(19,'S9882859A','2002-01-16',12,0),(20,'S4962670C','2002-02-04',33.6,0),(21,'S2363716B','2002-02-09',0,0),(22,'S9668224G','2002-03-09',43.57,0),(23,'S1632800F','2002-04-01',0,0),(24,'S2968808G','2002-04-04',8.12,0),(25,'S9684925G','2002-04-10',0,0),(26,'S9673939G','2002-05-10',13.41,0),(27,'S2050246J','2002-06-10',0,0),(28,'S6448376E','2002-06-14',8.01,0),(29,'S0010250D','2002-07-30',0,0),(30,'S7491006H','2002-07-31',83.62,0),(31,'S2814431H','2002-09-19',0,0),(32,'S0402270Z','2002-10-03',0.12,0),(33,'S1372664G','2002-11-24',26.11,0),(34,'S3675754Z','2002-11-27',0,0),(35,'S9479318A','2002-12-10',5.49,0),(36,'S3539438I','2002-12-15',0,0),(37,'S3065744F','2002-12-22',167.96,0),(38,'S9952943A','2002-12-25',67.98,0),(39,'S8388021Z','2002-12-25',102.04,0),(40,'S5946786G','2002-12-25',15.8,0),(41,'S4631585E','2002-12-25',27.33,0),(42,'S1842187I','2003-01-01',157.44,0),(43,'S8424927J','2003-01-10',0,0),(44,'S2130342I','2003-01-15',8.74,0),(45,'S3425584I','2003-03-03',94.22,0),(46,'S9261933H','2003-03-21',0.83,0),(47,'S7075641B','2003-03-23',0,0),(48,'S7075641B','2003-05-12',29.06,0),(49,'S7075641B','2003-06-25',8.51,0),(50,'S6899787I','2003-07-09',0,0),(51,'S6389628D','2003-08-29',56.18,0),(52,'S2814431H','2003-09-19',43.38,0),(53,'S6961513I','2003-09-22',123.4,0),(54,'S1522501G','2003-09-28',115.66,0),(55,'S4994039D','2003-10-23',26.27,0),(56,'S4615005H','2003-11-02',0,6),(57,'S9274019F','2003-11-05',72.69,0),(58,'S4848869B','2003-11-11',26.78,0),(59,'S9238101C','2003-11-29',24.94,11),(60,'S6386377G','2003-12-23',99.53,12),(61,'S7923817A','2004-01-11',60.71,0),(62,'S7580840B','2004-04-07',42.56,0),(63,'S4571543D','2004-04-24',0,0),(64,'S1672296J','2004-05-09',180.27,0),(65,'S2363716B','2004-05-15',0,0),(66,'S8424927J','2004-05-17',168.47,0),(67,'S2050246J','2004-05-29',0,27),(68,'S6955849F','2004-05-31',5.22,0),(69,'S8279465D','2004-06-16',61.18,0),(70,'S0010250D','2004-06-16',3.91,29),(71,'S5581137G','2004-06-22',139.75,0),(72,'S9561826Z','2004-07-30',30.51,0),(73,'S1842187I','2004-08-21',9.54,0),(74,'S4115963D','2004-09-19',19,0),(75,'S4687728D','2004-10-08',0,0),(76,'S9772095I','2004-10-19',44.77,0),(77,'S6899787I','2004-11-15',11.59,50),(78,'S8108637J','2004-11-26',0,0),(79,'S9084902F','2005-02-11',48.13,0),(80,'S5886693H','2005-02-15',73.05,0),(81,'S4994039D','2005-02-16',11.62,0),(82,'S4962670C','2005-02-26',106.97,0),(83,'S3065744F','2005-03-28',0,0),(84,'S8424927J','2005-04-28',85.18,43),(85,'S8279465D','2005-05-09',62.78,0),(86,'S2130342I','2005-05-09',194.28,0),(87,'S9881994J','2005-06-05',0,0),(88,'S9079566Z','2005-06-20',5.33,0),(89,'S3539438I','2005-07-09',0,36),(90,'S9684925G','2005-07-18',183.3,25),(91,'S0816379J','2005-07-25',22.21,0),(92,'S1392669G','2005-09-04',0,0),(93,'S5095188Z','2005-09-14',0.53,0),(94,'S7188550Z','2005-12-03',58.13,0),(95,'S4760260B','2005-12-04',0,0),(96,'S8850676F','2005-12-05',32.73,15),(97,'S4940312G','2005-12-09',0,0),(98,'S3682652E','2005-12-23',141.14,4),(99,'S1672296J','2006-01-07',78.81,0),(100,'S9084902F','2006-01-12',0,0),(101,'S6926267H','2006-01-29',101.83,0),(102,'S6319972I','2006-02-07',38.88,0),(103,'S3675754Z','2006-03-10',107.37,34),(104,'S8445905D','2006-03-19',0,0),(105,'S2228414B','2006-04-17',70.5,0),(106,'S8108637J','2006-07-02',0.04,78),(107,'S0182411B','2006-07-03',15.28,0),(108,'S4748079E','2006-07-17',8.94,0),(109,'S4994039D','2006-08-05',163.24,0),(110,'S2898274G','2006-08-21',23.97,0),(111,'S4687728D','2006-09-03',0.27,75),(112,'S2928521G','2006-09-24',6.11,0),(113,'S9993351H','2006-10-06',78.28,0),(114,'S4571543D','2006-10-12',38.44,63),(115,'S2926021D','2006-11-24',198.12,0),(116,'S3252970D','2006-11-24',74.88,0),(117,'S5874386J','2006-12-01',0,0),(118,'S8380257Z','2006-12-07',116.37,0),(119,'S3494916F','2007-01-13',0,0),(120,'S7953893J','2007-01-21',119.37,0),(121,'S2926021D','2007-01-22',28.49,0),(122,'S7188550Z','2007-04-21',172.09,0),(123,'S8399215H','2007-04-23',123.32,3),(124,'S1184912A','2007-05-25',36.17,0),(125,'S8424927J','2007-05-29',0.12,0),(126,'S3222900Z','2007-06-09',62.72,0),(127,'S2869803H','2007-06-17',198.62,0),(128,'S3081241G','2007-06-18',23.82,0),(129,'S1392669G','2007-07-10',0.16,92),(130,'S2183589G','2007-08-25',73.41,2),(131,'S1090783G','2007-08-26',0,0),(132,'S9069993H','2007-08-29',0,0),(133,'S6308955I','2007-08-31',6.43,0),(134,'S4952232J','2007-09-18',14.46,0),(135,'S2898274G','2007-09-29',16.1,0),(136,'S4303996B','2007-09-30',179.97,8),(137,'S2814431H','2007-10-15',13.35,31),(138,'S1392669G','2007-11-13',180.12,0),(139,'S2176572D','2007-12-29',130.09,0),(140,'S2643423H','2007-12-30',0,0),(141,'S2271470H','2007-12-30',19.64,0),(142,'S6569117E','2007-12-30',162.04,0),(143,'S6026688C','2007-12-30',74.63,0),(144,'S4760260B','2008-01-15',9.97,95),(145,'S7075641B','2008-01-23',13.62,47),(146,'S0120417C','2008-02-03',108.03,0),(147,'S3065744F','2008-02-09',10.46,0),(148,'S2363716B','2008-02-14',88.54,65),(149,'S4940312G','2008-03-13',130.19,97),(150,'S2985252I','2008-04-19',34.5,0),(151,'S6625833E','2008-04-27',0,0),(152,'S1012651G','2008-04-30',107.44,0),(153,'S8445905D','2008-06-02',143.04,104),(154,'S1489827A','2008-06-09',13.12,0),(155,'S8388021Z','2008-06-11',17.2,0),(156,'S3065744F','2008-06-14',25.08,0),(157,'S5109498J','2008-06-20',23.32,0),(158,'S3222900Z','2008-06-27',6.93,0),(159,'S3571926A','2008-06-30',44.1,0),(160,'S2065362J','2008-07-20',50.26,0),(161,'S8355052Z','2008-09-06',125.56,0),(162,'S1632800F','2008-09-17',75.39,23),(163,'S3863587E','2008-11-01',27.35,0),(164,'S2483672Z','2009-01-28',80.61,0),(165,'S9881994J','2009-02-13',105.63,87),(166,'S5343314F','2009-03-06',71.45,0),(167,'S9069993H','2009-05-07',41.58,132),(168,'S0500419E','2009-06-09',71.38,0),(169,'S7445289B','2009-06-09',51.39,0),(170,'S6446460D','2009-06-10',0,0),(171,'S9993042Z','2009-06-12',102.83,0),(172,'S1563290I','2009-06-19',18.42,0),(173,'S2488097D','2009-07-03',0.15,0),(174,'S8388021Z','2009-07-12',76.15,0),(175,'S5874386J','2009-08-12',24.42,117),(176,'S2255044F','2009-09-02',27.23,0),(177,'S3700828A','2009-09-19',62.27,0),(178,'S9084902F','2009-10-29',98.53,100),(179,'S5354490H','2009-11-18',28.1,0),(180,'S4163904J','2009-11-20',0,0),(181,'S9679745A','2009-11-20',47.64,0),(182,'S4246167I','2009-11-20',180.67,0),(183,'S8689377J','2009-11-20',84.66,0),(184,'S3065744F','2010-01-05',0.73,83),(185,'S6728747I','2010-02-06',123,0),(186,'S6668726J','2010-03-10',64.46,0),(187,'S7307207G','2010-05-08',0,0),(188,'S7246817A','2010-05-23',174.42,0),(189,'S5932258C','2010-06-12',26.76,0),(190,'S3571926A','2010-06-27',80.4,0),(191,'S3494916F','2010-08-04',0,119),(192,'S2103223I','2010-08-15',9.26,0),(193,'S9289750H','2010-08-29',18.79,0),(194,'S6446460D','2010-09-02',0.03,170),(195,'S3405547E','2010-09-11',32.58,0),(196,'S6625833E','2010-10-16',191.69,151),(197,'S4163904J','2010-11-12',171.42,180),(198,'S2643423H','2010-12-13',148.88,140),(199,'S4194498F','2011-08-17',17.94,0),(200,'S8325952C','2011-09-18',163.82,0);

/*Data for the table `service` */

insert  into `service`(`Service_No`,`Label`,`Start_Time`,`End_Time`,`Frequency`) values (7,'Bedok Temp Int - Clementi Int','05:30:00','23:30:00',10),(14,'Bedok Temp Int - Clementi Int','05:30:00','23:45:00',15),(16,'Bedok Temp Int - Bt Merah Int','05:30:00','23:45:00',20),(36,'Changi Airport Ptb2 - Changi Airport Ptb2','06:10:00','22:53:00',20),(77,'Bt Batok Int - Marina Ctr Ter','06:00:00','23:00:00',15),(106,'Bt Batok Int - Shenton Way Ter','05:32:00','23:32:00',10),(111,'Ghim Moh Ter - Ghim Moh Ter','06:00:00','23:59:00',20),(124,'St. Michael\'s Ter - St. Michael\'s Ter','05:30:00','23:24:00',15),(128,'Ang Mo Kio Depot - Shenton Way Ter','07:12:00','23:32:00',20),(162,'Yio Chu Kang Ter - Shenton Way Ter','05:30:00','18:00:00',15),(167,'Sembawwang Int - Bt Merah Int','05:30:00','23:30:00',20),(171,'Yishun Int - Marina Ctr Ter','05:30:00','23:30:00',15),(174,'Boon Lay Int - New Bridge Rd Ter','05:30:00','23:30:00',10),(175,'Clementi Int - Lor 1 Geylang','06:00:00','23:30:00',20),(190,'Choa Chu Kang Int - New Bridge Rd Ter','05:50:00','23:30:00',20),(502,'Soon Lee Bus Park - Soon Lee Bus Park','05:55:00','22:00:00',15),(518,'Pasir Ris Int - Pasir Ris Int','06:00:00','22:00:00',15),(587,'Opp Blk 624B - Opp Mas Bldg','07:40:00','23:30:00',10),(590,'Opp Blk 666 - Opp Mas Bldg','07:40:00','23:30:00',20),(598,'Maysprings Condo - Opp Mas Bldg','07:45:00','22:00:00',15);

/*Data for the table `staff` */

insert  into `staff`(`Staff_ID`,`NRIC`,`Staff_Name`,`DOB`,`Staff_Type`) values (3379,'S0553617U','Ting Yi Choy','1990-01-11','A'),(3685,'S0154845Y','Juanvito Aditya Pratama','1980-03-12','D'),(3703,'S1965076R','Renette Chan','1968-05-14','D'),(5384,'S1651336U','Timothy Tan Zhi Qiang','1976-02-02','A'),(5653,'S1439847R','Nicholas Wong','1982-12-10','D'),(6720,'S1558962I','Mathilda Lam Yun Khoon','1989-02-09','D'),(7144,'S0591749T','Rasesh D. Selvasegaran','1972-10-02','D'),(7881,'S0048260N','Sean Sim','1989-07-24','D'),(9431,'S7756085J','Muhammad Azri','1977-07-11','M'),(9640,'S1723926F','Sarah Loke Wai Mun','1973-12-29','A'),(13761,'S1096437Z','G. N. Vinu Krishna','1975-08-15','D'),(14850,'S1893279F','Nigel Tan','1987-08-13','D'),(15175,'S0822532K','Ian Pereira','1988-04-12','D'),(15906,'S5212916Y','Lim Ting Kwang','1952-05-21','J'),(16661,'S0369467T','Nerissa Koh','1968-10-10','D'),(16996,'S8059749D','Goh Cheah Yee','1980-01-08','M'),(17245,'S1327364C','Lim You Tang','1987-10-16','D'),(17569,'S6543911O','Khoo Bing Hui','1965-08-15','J'),(19664,'S6083544V','Lim Tong Chong','1960-07-02','M'),(23181,'S1058550X','Sherman Seah','1976-09-26','D'),(26731,'S0084503O','Denzel Chiam','1986-04-10','A'),(27120,'S1108402G','Ding Hao Leo','1972-01-17','A'),(29868,'S0666719G','Cameron Chen Jin','1982-12-16','A'),(29984,'S0535435O','Chin Kit Leong','1988-10-12','D'),(30126,'S1223424A','Jasper Kwok Jia Cheng','1975-07-23','A'),(30158,'S6320792P','Nurul Syafiqah','1963-09-10','M'),(30709,'S7048951I','Jayden Soh','1970-05-26','J'),(31203,'S5852435Y','Xu Dan','1958-07-18','M'),(32194,'S7658041A','Dewi Suresh','1976-09-11','M'),(32482,'S1354577J','Louis Poh Qi Bin','1985-05-03','D'),(32635,'S0534786A','\"Darren','0000-00-00','1'),(34371,'S1565400E','Rachel See Rui Xia  ','1975-12-24','D'),(34543,'S1139364A','Max Yeo Chung Ji','1983-08-30','D'),(34741,'S0913269R','Joshua Tan Kai Wen','1969-02-12','A'),(35433,'S1151726I','Sam Yeo Tee Yang','1986-09-17','D'),(36662,'S1348956Y','Daniel Koh Ming Sheng','1985-08-03','D'),(36948,'S0224086U','Mindez Chua','1977-04-13','D'),(38320,'S1300568Z','Hong Oon Toh','1984-10-02','D'),(41502,'S7835227T','Tan Wei Ming','1978-01-24','J'),(42216,'S6534061X','Low Shirley','1965-08-06','J'),(42788,'S7992347J','Helen Monte','1979-07-01','J'),(43985,'S7365751X','Jane Toh','1973-01-07','J'),(44037,'S1412794C','Jing Xuan Lau ','1982-07-18','D'),(44241,'S0328210Y','Hong Kim Toh  ','1981-04-01','D'),(47549,'S1940088M','S. Valliammai Meena','1987-04-03','A'),(49690,'S1441264Y','Abel Ling Ho Zhi','1985-05-19','D'),(50013,'S1758135F','Dominique Goh Fei Siang ','1973-04-22','D'),(50026,'S0512389A','Hannah Nga Pin En','1982-11-10','D'),(51106,'S1111285J','Jonathan Cheong Choon En','1981-10-25','D'),(51803,'S6999979R','Gary Loo','1969-05-04','M'),(53198,'S0138454K','Joey Neo Hui Ying','1986-03-06','D'),(55727,'S0890803T','Yong Woon Yap','1985-02-14','D'),(56369,'S0962517A','Jason Tan Qi Xian ','1979-06-19','A'),(56389,'S1426048Q','P. Manisha','1984-02-16','A'),(56925,'S0280095S','Martin Yong Wei Jian','1987-08-02','D'),(58059,'S1255851G','Wen Xing Thiam','1985-07-12','D'),(61448,'S0783772E','Jamie Leow Hwee Wen','1987-03-13','A'),(61692,'S1833761W','Deirdra Ong Xue Ling','1982-05-19','D'),(63314,'S5842909M','Koh Sin Ling','1958-03-11','J'),(64826,'S1370548B','Kimberley Soh','1968-08-12','D'),(65448,'S1865175H','Thaniel Tan En','1984-07-30','D'),(66173,'S1088064E','Arista Evangeline Law Xiang Ting ','1985-02-28','D'),(66775,'S1894436P','Celine Toh Hsin Lin','1986-12-02','D'),(69437,'S0308622Z','Louis Chan Jin Wei','1975-03-24','D'),(69755,'S1008717N','Bryan Khoo','1981-08-26','D'),(70289,'S1460073W','Shameera Basha','1979-01-20','D'),(72046,'S0478400Y','Alesta Shaina Law Jing Yi','1965-11-27','D'),(73185,'S1439362T','Jia Huey Tay','1989-03-08','D'),(74767,'S0586169K','Manfred Ong Ze Qian','1965-02-07','A'),(75113,'S1735839M','Jiexin Lieu','1981-11-19','D'),(75904,'S5996239N','Jimmy Lau Hsiao Sheng','1959-07-15','M'),(77911,'S1323763U','Zhen Yi Ang','1965-09-30','A'),(78140,'S7223035B','Harry Gobash','1972-01-15','M'),(78302,'S6390590X','Tan Lee Meng','1963-02-25','M'),(79988,'S5750245G','Lam Bee Lee','1957-01-18','J'),(80765,'S1079584J','N. Selva Kumar','1976-09-03','A'),(81275,'S1930993X','Daphne Au','1985-01-18','A'),(81807,'S1608631F','Kelvina Nga','1980-03-22','D'),(82339,'S0790832A','Shawn Ho','1974-10-12','A'),(82726,'S0055717T','Sonia Mary Anthony','1988-05-29','D'),(83128,'S0649369R','Amier Danial Abdul Majid','1981-11-16','A'),(83733,'S1888158K','Imran Azman','1966-05-01','D'),(84844,'S1452056S','Science Lam','1969-11-20','D'),(85284,'S1921858U','Zhaocheng Huang','1986-01-21','A'),(90305,'S0678917L','Zhen Yu Chong','1971-08-12','A'),(90672,'S0901560E','\"Tze Xiang','0000-00-00','1'),(90754,'S0188012N','Sheng Da Ong','1973-12-02','D'),(92736,'S1385645F','Christy Chong Zhou Ying','1985-03-23','A'),(93165,'S1867428I','Walter Er','1965-10-05','D'),(97183,'S0735126R','Naomi Tina Gan Min','1976-09-11','D'),(99758,'S1946702Q','Robin Goh Fei Hong','1979-01-21','A');

/*Data for the table `stop` */

insert  into `stop`(`Stop_No`,`Location_Desp`,`Address`) values (1029,'Cosmic Insurance Bldg','104 North Bridge Rd\r'),(1039,'Nth Bridge Commercial Cplx','102 North Bridge Rd\r'),(1139,'Parkview Sq','99 North Bridge Rd\r'),(3011,'Fullerton Sq','77 Fullerton Rd\r'),(3071,'Opp The Ogilvy Ctr','29 Robinson Rd\r'),(3221,'Prudential Twr','34 Cecil St\r'),(3223,'Itnl Plaza','1 Anson Rd\r'),(4111,'Capitol Bldg','179 Stamford Rd\r'),(4121,'SMU','80 Stamford Rd\r'),(4143,'Stamford Ct','12 Hill St\r'),(4222,'Clarke Quay Stn','31 Eu Tong Sen St\r'),(4223,'Mica Bldg','23 Hill St\r'),(4249,'Opp The Treasury','North Bridge Rd\r'),(5012,'Pearl\'s Ctr','27 Eu Tong Sen St\r'),(5022,'People\'s Pk Ctr','13 Eu Tong Sen St\r'),(5029,'Boat Quay','South Bridge Rd\r'),(7021,'Selegie Ctr','Selegie Rd\r'),(8031,'Dhoby Ghaut Stn','119 Penang Rd\r'),(8041,'YMCA','116 Orchard Rd\r'),(8111,'Winsland Hse','124 Penang Rd\r'),(8121,'Somerset Stn','127 Somerset Rd\r'),(9022,'Opp Orchard Stn','135 Orchard Boulevard\r'),(9059,'Natl Youth Council','130 Grange Rd\r'),(9111,'Opp Four Seasons Hotel','140 Orchard Boulevard\r'),(9131,'Opp Trader\'s Hotel','149 Grange Rd\r'),(9141,'British Council','152 Napier Rd\r'),(10018,'Bef Outram Rd','34 Eu Tong Sen St\r'),(10091,'Bt Merah Town Ctr','244 Jln Bt Merah\r'),(10101,'Spring S\'pore Bldg','249 Jln Bt Merah\r'),(11201,'Csc Dempsey Clubhse','164 Holland Rd\r'),(11221,'Lien Twrs','172 Holland Rd\r'),(11261,'Holland Village','185 Holland Rd\r'),(11519,'Opp Queensway Shopping Ctr','261 Alexandra Rd\r'),(12031,'Pandan Valley Condo','206 Ulu Pandan Rd\r'),(13011,'Opp S\'pore Botanic Garden','155 Napier Rd\r'),(13021,'Aft Min Of Foreign Affairs','151 Holland Rd\r'),(13141,'Aft Zion Full Gospel Ch','6 Hoot Kiam Rd\r'),(13211,'Aft Unity St','23 Mohd Sultan Rd\r'),(14041,'Blk 54','5 Henderson Rd\r'),(14051,'Aft Telok Blangah Hts','6 Henderson Rd\r'),(14059,'Bef Telok Blangah Hts','27 Henderson Rd\r'),(17009,'Clementi Int','230 Clementi Ave 3\r'),(17171,'Clementi Stn','331 Commonwealth Ave West\r'),(17229,'Blk 335','224 Clementi Ave 5\r'),(19031,'Dover Stn','313 Commonwealth Ave West\r'),(19089,'United World College','300 Dover Rd\r'),(19091,'S\'pore Poly','305 Dover Ave\r'),(21179,'Corporation Pl','34 Corporation Dr\r'),(21421,'Blk 176','18 Boon Lay Ave \r'),(21609,'Opp Blk 364','33 Corporation Dr\r'),(21661,'Yuan Ching Sec Sch','12 Yuan Ching Rd\r'),(40011,'Little India Stn','12 Bt Timah Rd\r'),(40121,'Opp Newton Life Ch','2 Newton Rd\r'),(40129,'Newton Life Ch','13 Newton Rd\r'),(50061,'Opp Hotel Royal','4 Newton Rd\r'),(50069,'Hotel Royal','5 Newton Rd\r'),(50211,'Opp Balestier Pt','38 Balestier Rd\r'),(50221,'Opp Balestier Twrs','39 Balestier Rd\r'),(50229,'Balestier Twrs','40 Balestier Rd\r'),(50991,'Blk 82','12 Whampoa Dr\r'),(52051,'Blk 147','8 Braddel Rd\r'),(52171,'Opp Braddel Stn','12 Lor 1 Toa Payoh\r'),(52441,'Blk 202','25 Lor 1 Toa Payoh\r'),(52451,'Blk 114','73 Whampoa Dr\r'),(54181,'Blk 258','5 Ang Mo Kio Ave 4\r'),(54371,'Blk 409A','21 Ang Mo Kio Ave 10\r'),(54381,'Blk 443','56 Ang Mo Kio Ave 10\r'),(70019,'Blk 125','46 Aljunied Rd\r'),(70151,'Aft Jln Anggerek','79 Merpati Rd\r'),(70211,'Blk 90','98 Pipit Rd\r'),(77019,'Blk 515','57 Pasir Ris Dr 1\r'),(77029,'Blk 571','24 Pasir Ris Dr 1\r'),(77061,'Ris Grandeur','11 Elias Rd\r'),(80049,'Aft Sims Way','75 Geyland Rd\r'),(80159,'Suntec City','168 Nicoll Highway\r'),(80219,'National Stadium','147 Nicoll Highway\r'),(81131,'Opp Grandlink Sq','47 Guillemard Rd\r'),(81141,'Versailles Condo','51 Guillemard Rd\r'),(81189,'Blk 62','65 Old Airport Rd\r'),(82049,'Joo Chiat Cplx','38 Changi Rd\r'),(82061,'Eusnos Stn','37 Sims Ave\r'),(82109,'City Plaza','45 Geyland Rd\r'),(83059,'Masjid Kassim','23 Changi Rd\r'),(83151,'East Shore Hosp','18 Joo Chiat Pl\r'),(84009,'Bedok Temp Int','1 Bedok North Dr\r'),(85019,'Eastwood Ctr','45 Bedok Rd\r'),(85091,'Tanah Merah Stn','32 New Upp Changi Rd\r'),(91099,'Bef Wilkinson Rd','13 Mounbatten Rd\r'),(92099,'One Amber','114 Mountbatten Rd\r'),(92141,'Ocean Apts','2 East Coast Rd\r'),(92159,'St. Patrick\'s Sec Sch','93 East Coast Rd\r'),(92241,'Amber Gdn','87 Amber Rd\r'),(93099,'Siglap South Cc','75 Upp East Coast Rd\r'),(94059,'Temansek Sec Sch','56 Upp East Coast Rd\r');

/*Data for the table `admin` */

insert  into `admin`(`Staff_ID`,`Cubicle_No`,`Job_Title`) values (3379,18,'Office Manager\r'),(5384,14,'Administrative Assistant\r'),(9640,10,'Executive Assistant\r'),(26731,2,'Administrative Secretary\r'),(27120,9,'Administrative Assistant\r'),(29868,23,'Administrative Assistant\r'),(30126,6,'Administrative Assistant\r'),(32635,11,'Executive Assistant\r'),(34741,16,'Administrative Assistant\r'),(47549,4,'Office Manager\r'),(56369,15,'Executive Assistant\r'),(56389,5,'Executive Assistant\r'),(61448,20,'Administrative Assistant\r'),(74767,8,'Executive Assistant\r'),(77911,19,'Executive Assistant\r'),(80765,12,'Executive Assistant\r'),(81275,7,'Executive Assistant\r'),(82339,21,'Administrative Assistant\r'),(83128,17,'Executive Assistant\r'),(85284,22,'Executive Assistant\r'),(90305,3,'Administrative Assistant\r'),(92736,1,'Administrative Assistant\r'),(99758,13,'Administrative Assistant\r');


/*Data for the table `driver` */

insert  into `driver`(`Staff_ID`,`License_No`,`Date_Certified`) values (3685,9891978,'2004-12-25'),(3703,6824761,'1994-08-13'),(5653,8253440,'2012-03-13'),(6720,1809278,'2009-01-15'),(7144,2293662,'1999-01-08'),(7881,8853580,'2010-03-10'),(13761,2769437,'2001-06-23'),(14850,5088167,'2010-01-11'),(15175,296016,'2010-10-22'),(16661,3254866,'1997-07-02'),(17245,5555312,'2009-11-09'),(23181,8871112,'2006-08-15'),(29984,78546,'2012-01-09'),(32482,5365293,'2012-02-05'),(34371,7918156,'2000-08-05'),(34543,5519442,'2006-05-23'),(35433,860992,'2009-03-03'),(36662,7658899,'2010-09-23'),(36948,8435292,'2009-01-22'),(38320,2642489,'2011-11-04'),(44037,2374642,'2010-07-23'),(44241,3646193,'2004-03-18'),(49690,1136923,'2011-05-12'),(50013,6830192,'2007-05-15'),(50026,5897087,'2012-04-23'),(51106,7749942,'2009-01-18'),(53198,7852233,'2010-10-25'),(55727,2792874,'2009-01-01'),(56925,1443625,'2011-01-10'),(58059,354320,'2010-02-28'),(61692,7350095,'2011-12-04'),(64826,4497608,'1993-09-22'),(65448,1247676,'2005-03-19'),(66173,4759965,'2011-07-11'),(66775,1315874,'2010-12-25'),(69437,7387831,'2001-07-20'),(69755,2518606,'2007-04-09'),(70289,4450737,'2011-02-22'),(72046,7385425,'1994-06-10'),(73185,3371123,'2012-06-25'),(75113,3158624,'2011-07-16'),(81807,8331632,'2010-12-08'),(82726,445358,'2010-07-07'),(83733,982548,'1990-10-13'),(84844,4568807,'2011-12-06'),(90672,2692099,'1991-09-08'),(90754,779153,'2009-06-05'),(93165,6131687,'1994-02-21'),(97183,9933843,'2002-03-13');

/*Data for the table `servicestop` */

insert  into `servicestop`(`Service_No`,`Stop_No`,`S_Order`) values (111,3011,1),(111,4222,11),(111,8121,3),(111,9141,5),(111,11201,10),(111,13021,2),(111,50229,9),(111,81189,8),(111,92159,4),(111,93099,7),(111,94059,6);


/*Data for the table `trip` */

insert  into `trip`(`Service_No`,`Serial_No`,`Trip_SDT`,`Duration`,`Plate_No`,`Staff_ID`) values (7,24,'2012-08-04 20:16:00',100,'SHZ7036F',29984),(7,40,'2012-08-08 05:30:00',100,'SHZ7036F',93165),(7,61,'2012-10-10 21:16:00',108,'SHZ7036F',36948),(7,114,'2012-12-17 18:40:00',108,'SHZ7036F',29984),(7,119,'2012-12-25 23:28:00',93,'SZY1607S',73185),(7,155,'2013-01-23 16:17:00',100,'SHR5465B',55727),(14,30,'2012-08-04 20:55:00',70,'SHU4886Y',53198),(14,43,'2012-08-09 05:30:00',75,'SHU4886Y',72046),(14,70,'2012-10-17 14:55:00',73,'SHU4886Y',23181),(14,98,'2012-11-25 13:16:00',73,'SHY1240J',36662),(14,106,'2012-12-10 16:35:00',73,'SHY1240J',36662),(14,120,'2012-12-25 23:45:00',63,'SHY1240J',93165),(14,140,'2013-01-14 16:16:00',75,'SHZ7036F',50026),(14,161,'2013-01-26 12:26:00',72,'SZK4221V',50013),(16,20,'2012-08-04 17:29:00',58,'SHZ1940F',44241),(16,22,'2012-08-04 19:39:00',53,'SHM5991A',36662),(16,31,'2012-08-05 05:30:00',52,'SHM5991A',83733),(16,39,'2012-08-07 17:30:00',NULL,NULL,NULL),(16,63,'2012-10-12 11:24:00',55,'SHM5991A',97183),(16,81,'2012-11-11 14:34:00',NULL,NULL,NULL),(16,101,'2012-11-27 15:43:00',57,'SZI3294H',50026),(16,112,'2012-12-16 13:46:00',54.75,'SHZ1940F',44241),(16,126,'2012-12-27 23:40:00',50,'SHZ1940F',90754),(16,146,'2013-01-19 10:34:00',55,'SHS5259Y',5653),(16,154,'2013-01-23 13:55:00',50,'SHL8516O',69755),(36,15,'2012-08-04 06:10:00',55,'SZY5893T',3703),(36,34,'2012-08-06 13:14:00',51,'SHE7395K',69755),(36,47,'2012-09-11 16:56:00',51,'SHE7395K',69755),(36,60,'2012-10-10 16:08:00',NULL,NULL,NULL),(36,75,'2012-10-22 19:53:00',50,'SZY5893T',44241),(36,85,'2012-11-14 22:52:00',54,'SZV8375K',44241),(36,99,'2012-11-26 19:48:00',51,'SZV8375K',69437),(36,107,'2012-12-11 13:45:00',50.15,'SHE7395K',69755),(36,143,'2013-01-18 12:51:00',50,'SZV8375K',32482),(36,159,'2013-01-25 14:13:00',53,'SHM4949R',23181),(77,11,'2012-08-04 06:00:00',64,'SHM4949R',64826),(77,57,'2012-09-29 11:53:00',69,'SHM4949R',64826),(77,67,'2012-10-15 12:34:00',68,'SHM4949R',3685),(77,86,'2012-11-15 23:00:00',65,'SHZ8927D',3685),(77,94,'2012-11-22 13:54:00',68,'SHZ8927D',34371),(77,113,'2012-12-17 11:22:00',68,'SHZ8927D',34371),(77,136,'2013-01-12 10:30:00',67,'SHZ8927D',29984),(77,169,'2013-01-30 12:34:00',68,'SZI3294H',34543),(106,1,'2012-08-01 05:32:00',115,'SHO4779M',16661),(106,17,'2012-08-04 07:45:00',NULL,NULL,NULL),(106,25,'2012-08-04 20:22:00',100,'SHO4779M',66775),(106,58,'2012-09-30 11:47:00',111,'SHO4779M',16661),(106,72,'2012-10-21 18:31:00',108,'SHO4779M',81807),(106,109,'2012-12-15 11:50:00',108,'SHO4779M',81807),(106,118,'2012-12-24 22:32:00',98,'SHO4779M',90672),(106,134,'2013-01-11 17:23:00',107,'SHM9811G',84844),(106,170,'2013-01-30 16:17:00',101,'SZP1969R',65448),(111,4,'2012-08-02 20:53:00',52,'SZP1969R',58059),(111,12,'2012-08-04 06:00:00',55,'SZP1969R',90672),(111,18,'2012-08-04 12:11:00',59,'SHU4545S',51106),(111,51,'2012-09-17 18:11:00',57,'SHU4545S',51106),(111,80,'2012-10-29 10:33:00',54,'SZP1969R',75113),(111,105,'2012-12-10 13:34:00',53.95,'SZP1969R',75113),(111,124,'2012-12-27 11:16:00',59,'SZP1969R',97183),(111,128,'2013-01-03 23:39:00',59,'SHA9303J',3685),(111,135,'2013-01-12 06:00:00',54,'SHK7237L',61692),(111,149,'2013-01-20 14:30:00',NULL,NULL,NULL),(111,158,'2013-01-25 13:20:00',54,'SHA9303J',3685),(124,7,'2012-08-04 05:30:00',70,'SHM7652R',84844),(124,21,'2012-08-04 19:25:00',75,'SHM7652R',7881),(124,74,'2012-10-22 11:15:00',72,'SHM7652R',38320),(124,88,'2012-11-18 23:24:00',70,'SHK7237L',38320),(124,97,'2012-11-24 18:34:00',76,'SHK7237L',53198),(124,130,'2013-01-07 22:24:00',69,'SHV4205K',38320),(124,145,'2013-01-19 10:17:00',72,'SHV4205K',38320),(124,165,'2013-01-27 12:18:00',73,'SHT2921G',44241),(128,2,'2012-08-01 21:54:00',54,'SHE1541L',35433),(128,28,'2012-08-04 20:40:00',NULL,NULL,NULL),(128,37,'2012-08-07 07:12:00',50,'SHE1541L',7144),(128,38,'2012-08-07 11:33:00',50,'SZW4511Y',75113),(128,64,'2012-10-12 12:31:00',49,'SHE1541L',34371),(128,90,'2012-11-20 12:31:00',49,'SHM4949R',93165),(128,111,'2012-12-16 11:12:00',49,'SHM4949R',93165),(128,125,'2012-12-27 15:41:00',NULL,NULL,NULL),(128,129,'2013-01-04 23:32:00',47,'SHO4779M',75113),(128,141,'2013-01-17 15:44:00',49,'SHO4779M',75113),(128,153,'2013-01-23 13:15:00',50,'SZY7625L',97183),(162,8,'2012-08-04 05:30:00',50,'SHS5259Y',50013),(162,48,'2012-09-12 13:23:00',NULL,NULL,NULL),(162,68,'2012-10-15 16:56:00',50,'SHS5259Y',55727),(162,84,'2012-11-14 18:00:00',56,'SZY5893T',50013),(162,96,'2012-11-24 11:44:00',50,'SHA9303J',7881),(162,147,'2013-01-20 12:28:00',52,'SHY8438T',66173),(162,160,'2013-01-25 17:56:00',50,'SHZ1940F',69437),(167,5,'2012-08-03 05:30:00',54,'SHQ8495N',90754),(167,19,'2012-08-04 12:39:00',55,'SHM8125L',61692),(167,23,'2012-08-04 19:40:00',53,'SHQ8495N',56925),(167,52,'2012-09-18 13:54:00',56,'SHQ8495N',90754),(167,71,'2012-10-19 14:24:00',54,'SHM8125L',34543),(167,104,'2012-11-29 15:11:00',NULL,NULL,NULL),(167,121,'2012-12-26 15:49:00',57,'SZW4511Y',16661),(167,142,'2013-01-18 10:27:00',50,'SHU6160Q',49690),(167,164,'2013-01-27 11:12:00',49,'SHB9088W',13761),(171,26,'2012-08-04 20:29:00',72,'SHM9811G',82726),(171,41,'2012-08-08 05:30:00',70,'SHM9811G',69437),(171,78,'2012-10-26 11:16:00',72,'SHM9811G',66173),(171,93,'2012-11-21 10:59:00',72,'SHE7395K',51106),(171,123,'2012-12-26 23:29:00',63,'SHM8125L',17245),(171,127,'2013-01-01 23:28:00',67,'SHM4706J',70289),(171,148,'2013-01-20 13:48:00',70,'SHM4706J',70289),(171,168,'2013-01-30 05:30:00',NULL,NULL,NULL),(174,6,'2012-08-03 19:57:00',101,'SZI3294H',6720),(174,9,'2012-08-04 05:30:00',105,'SZI3294H',13761),(174,76,'2012-10-23 21:20:00',108,'SZI3294H',70289),(174,92,'2012-11-20 21:20:00',NULL,NULL,NULL),(174,108,'2012-12-11 19:54:00',108,'SZI3294H',70289),(174,131,'2013-01-09 14:24:00',103,'SHM5991A',7144),(174,138,'2013-01-13 17:20:00',110,'SHM7652R',56925),(174,166,'2013-01-28 14:16:00',100,'SHM5991A',7144),(175,13,'2012-08-04 06:00:00',55,'SHZ8927D',34371),(175,33,'2012-08-05 19:19:00',53,'SHZ8927D',14850),(175,44,'2012-08-09 12:19:00',50,'SHY8438T',44037),(175,55,'2012-09-26 19:51:00',53,'SHZ8927D',34371),(175,65,'2012-10-13 14:41:00',52,'SHZ8927D',51106),(175,95,'2012-11-23 19:25:00',55,'SHR5465B',61692),(175,115,'2012-12-18 13:40:00',NULL,NULL,NULL),(175,144,'2013-01-18 13:45:00',54,'SHA8254Z',66775),(175,162,'2013-01-26 15:55:00',62,'SHB4928Z',16661),(190,27,'2012-08-04 20:34:00',50,'SHV4205K',17245),(190,36,'2012-08-07 05:50:00',55,'SHV4205K',97183),(190,42,'2012-08-08 14:21:00',50,'SHY1240J',50026),(190,56,'2012-09-26 21:35:00',57,'SHV4205K',97183),(190,62,'2012-10-11 12:35:00',53,'SHV4205K',69755),(190,91,'2012-11-20 21:10:00',53,'SZP1969R',72046),(190,110,'2012-12-15 14:24:00',53,'SHV4205K',97183),(190,133,'2013-01-11 05:50:00',53,'SHT3660M',81807),(190,156,'2013-01-24 12:39:00',54,'SHI2052G',3703),(502,10,'2012-08-04 05:55:00',64,'SHA9303J',23181),(502,49,'2012-09-13 21:51:00',65,'SHA9303J',23181),(502,66,'2012-10-13 18:15:00',64,'SHA9303J',65448),(502,73,'2012-10-22 08:31:00',NULL,NULL,NULL),(502,87,'2012-11-16 22:00:00',63,'SHS5259Y',65448),(502,89,'2012-11-20 10:37:00',63,'SHS5259Y',5653),(502,139,'2013-01-14 13:29:00',65,'SHQ8495N',53198),(502,171,'2013-01-31 11:16:00',65,'SHV2399U',72046),(518,14,'2012-08-04 06:00:00',60,'SHA8254Z',36948),(518,46,'2012-09-10 21:40:00',66,'SHA8254Z',36948),(518,69,'2012-10-15 18:19:00',64,'SHA8254Z',5653),(518,83,'2012-11-12 20:59:00',59,'SHZ7036F',36948),(518,103,'2012-11-28 16:33:00',64,'SZY7625L',81807),(518,151,'2013-01-20 17:12:00',60,'SHR5663L',15175),(518,163,'2013-01-27 10:26:00',64,'SZW4511Y',93165),(587,16,'2012-08-04 07:40:00',101,'SHK7237L',70289),(587,35,'2012-08-06 19:29:00',90,'SHK7237L',73185),(587,54,'2012-09-21 11:46:00',98,'SHK7237L',70289),(587,79,'2012-10-28 16:43:00',95,'SHK7237L',44037),(587,122,'2012-12-26 23:28:00',83,'SHI2052G',14850),(587,150,'2013-01-20 15:58:00',94,'SHU4545S',36662),(587,167,'2013-01-29 07:40:00',95,'SHE1541L',64826),(590,3,'2012-08-02 07:40:00',48,'SHT3660M',3685),(590,29,'2012-08-04 20:46:00',50,'SHT3660M',15175),(590,45,'2012-08-09 14:39:00',48,'SZY1607S',5653),(590,50,'2012-09-14 19:28:00',50,'SHT3660M',3685),(590,59,'2012-10-10 15:17:00',48,'SZY1607S',50026),(590,102,'2012-11-27 20:39:00',45,'SZK4221V',50013),(590,117,'2012-12-23 13:26:00',47,'SHV2399U',15175),(590,137,'2013-01-13 10:55:00',NULL,NULL,NULL),(590,157,'2013-01-24 16:46:00',NULL,NULL,NULL),(598,32,'2012-08-05 07:45:00',60,'SZY7625L',81807),(598,53,'2012-09-19 19:35:00',62,'SZY7625L',81807),(598,77,'2012-10-24 14:11:00',57,'SZY7625L',61692),(598,82,'2012-11-12 17:59:00',54,'SZY1607S',61692),(598,100,'2012-11-27 11:36:00',57,'SHT2921G',36948),(598,116,'2012-12-20 16:10:00',57,'SZY1607S',61692),(598,132,'2013-01-10 17:59:00',58,'SHY1240J',82726),(598,152,'2013-01-22 15:52:00',57,'SHU4886Y',83733);


/*Data for the table `remark` */

insert  into `remark`(`Service_No`,`Serial_No`,`Remark_No`,`Description`) values (7,24,1,'Tyre Puncture\r'),(7,155,1,'Heavy Rain\r'),(7,155,2,'Accident on PIE\r'),(14,30,1,'Heavy Rain\r'),(16,39,1,'Traffic Jam\r'),(77,11,1,'Heavy Rain\r'),(77,67,1,'Road Works\r'),(77,67,2,'Delay due to plant pruning\r'),(106,170,1,'Tree Collapsed\r'),(111,105,1,'Accident on the Road\r'),(111,105,2,'slow moving traffic\r'),(111,124,1,'Traffic Jam\r'),(124,74,1,'Tyre Puncture\r'),(124,88,1,'Heavy Rain\r'),(128,37,1,'Accident on the Road\r'),(128,90,1,'Passenger Fainted on the Bus\r'),(162,48,1,'Slippery Road\r'),(162,160,1,'Slippery Road\r'),(167,19,1,'Slippery Road\r'),(167,104,1,'Slippery Road\r'),(171,123,1,'Accident on the Road\r'),(174,6,1,'Traffic Jam\r'),(174,108,1,'Traffic Jam\r'),(174,108,2,'Heavy Rain\r'),(175,115,1,'Traffic Jam\r'),(175,162,1,'Slippery Road\r'),(518,46,1,'Traffic Jam\r'),(518,69,1,'Traffic Jam\r'),(518,151,1,'Slippery Road\r'),(587,122,1,'Tyre Puncture\r'),(590,102,1,'Heavy Rain\r'),(590,102,2,'Traffic Jam at exit 4\r'),(590,102,3,'Delay due to plant pruning\r'),(598,32,1,'Slippery Road\r'),(598,77,1,'Heavy Rain\r');

/*Data for the table `transaction` */

insert  into `transaction`(`Service_No`,`Card_ID`,`Serial_No`,`Start_Stop_No`,`End_Stop_No`,`Tap_In_Time`,`Tap_Out_Time`) values (7,2,119,40129,92141,'00:40:00','01:01:00'),(7,8,24,1039,40129,'20:34:00','21:37:00'),(7,43,114,19089,21609,'19:07:00','19:25:00'),(7,87,61,1039,92099,'21:34:00','22:19:00'),(7,92,40,92099,92141,'06:33:00','07:10:00'),(7,99,155,1039,40129,'16:35:00','17:38:00'),(7,108,24,4143,92099,'20:25:00','21:19:00'),(7,112,61,92099,92141,'22:19:00','23:04:00'),(7,112,119,4143,92099,'23:36:00','00:24:00'),(7,114,24,40129,92141,'21:37:00','21:56:00'),(7,121,40,50211,92141,'06:06:00','07:10:00'),(7,139,114,50211,92141,'19:16:00','20:28:00'),(7,154,40,4143,9131,'05:39:00','06:24:00'),(7,175,114,40129,92141,'20:01:00','20:28:00'),(7,183,61,3011,21609,'21:16:00','22:01:00'),(14,2,43,40129,12031,'05:36:00','06:18:00'),(14,26,106,19031,40011,'17:11:00','17:35:00'),(14,31,30,8031,3221,'21:05:00','21:15:00'),(14,55,98,8111,13021,'13:34:00','14:10:00'),(14,56,70,3221,13021,'15:19:00','15:49:00'),(14,61,120,19031,13021,'00:15:00','00:30:00'),(14,64,43,50991,21661,'06:00:00','06:12:00'),(14,74,43,12031,13021,'06:18:00','06:24:00'),(14,82,161,8031,8111,'12:38:00','12:44:00'),(14,85,140,8031,8111,'16:28:00','16:34:00'),(14,96,30,19031,12031,'21:25:00','21:35:00'),(14,125,98,50991,12031,'13:46:00','14:04:00'),(14,136,106,50991,12031,'17:05:00','17:23:00'),(14,138,120,12031,13021,'00:25:00','00:30:00'),(14,164,98,40129,40011,'13:22:00','14:16:00'),(14,177,140,4121,40129,'16:16:00','16:22:00'),(14,181,30,12031,13021,'21:35:00','21:40:00'),(14,184,70,3221,12031,'15:19:00','15:43:00'),(14,198,70,8031,9131,'15:07:00','16:08:00'),(16,7,146,40129,13011,'11:13:00','11:29:00'),(16,9,63,17009,4121,'11:42:00','11:57:00'),(16,14,101,17009,1039,'16:01:00','16:31:00'),(16,20,63,40129,83059,'12:03:00','12:06:00'),(16,20,154,13011,13011,'14:45:00','14:45:00'),(16,21,63,19089,13011,'11:39:00','12:19:00'),(16,23,126,83059,13011,'00:08:00','00:30:00'),(16,24,101,91099,91099,'16:19:00','16:19:00'),(16,35,112,4121,40129,'14:19:00','14:25:00'),(16,39,146,91099,5029,'11:10:00','10:55:00'),(16,43,31,13011,1039,'06:22:00','06:02:00'),(16,43,146,40121,21179,'10:37:00','10:40:00'),(16,50,126,83151,50991,'23:56:00','00:00:00'),(16,59,63,50991,13011,'11:54:00','12:19:00'),(16,60,22,13011,1039,'20:32:00','20:11:00'),(16,70,20,91099,14041,'18:05:00','17:41:00'),(16,74,31,13011,1039,'06:02:00','06:22:00'),(16,96,101,13011,1039,'16:40:00','16:31:00'),(16,97,20,92159,83059,'17:56:00','18:11:00'),(16,114,101,83151,13011,'16:07:00','16:40:00'),(16,114,146,91099,83151,'11:10:00','10:58:00'),(16,118,112,91099,14041,'13:58:00','14:22:00'),(16,119,20,17009,13011,'17:47:00','18:27:00'),(16,136,22,91099,4121,'20:03:00','20:01:00'),(16,136,112,54381,4121,'13:46:00','14:19:00'),(16,136,126,19089,4121,'23:50:00','00:02:00'),(16,137,154,40121,17009,'13:57:00','14:07:00'),(16,143,22,91099,5029,'19:53:00','20:03:00'),(16,148,112,50991,13011,'14:16:00','14:40:00'),(16,153,154,40121,21179,'13:57:00','13:59:00'),(16,164,22,13011,1039,'20:11:00','20:32:00'),(16,168,31,40129,13011,'05:56:00','06:22:00'),(16,174,154,13011,1039,'14:27:00','14:45:00'),(16,177,20,40129,83059,'18:08:00','18:11:00'),(16,177,31,92159,50991,'05:48:00','05:50:00'),(16,197,126,91099,83151,'23:56:00','00:04:00'),(36,16,159,17009,83059,'14:52:00','15:06:00'),(36,18,75,81189,83059,'20:14:00','20:43:00'),(36,19,99,8031,52171,'20:15:00','20:21:00'),(36,23,47,8031,3221,'17:23:00','17:26:00'),(36,26,15,81189,3221,'06:31:00','06:40:00'),(36,37,75,19091,92159,'19:53:00','19:59:00'),(36,41,159,92159,52171,'14:19:00','14:46:00'),(36,43,85,3221,83059,'23:22:00','23:46:00'),(36,48,47,9022,83059,'17:20:00','17:47:00'),(36,54,34,3221,83059,'13:44:00','14:05:00'),(36,65,34,50069,83059,'13:29:00','14:05:00'),(36,65,107,92159,50069,'13:51:00','14:00:00'),(36,83,85,4249,17009,'23:28:00','23:31:00'),(36,86,34,81189,9022,'13:35:00','13:38:00'),(36,87,47,4249,17009,'17:32:00','17:35:00'),(36,99,85,92159,4249,'22:58:00','23:28:00'),(36,118,15,93099,83059,'06:13:00','07:05:00'),(36,126,75,50069,81189,'20:08:00','20:14:00'),(36,142,143,50069,8031,'13:06:00','13:18:00'),(36,146,85,1139,81189,'23:10:00','23:13:00'),(36,153,99,9022,83059,'20:12:00','20:39:00'),(36,157,99,3221,83059,'20:18:00','20:39:00'),(36,161,15,52171,83059,'06:43:00','07:05:00'),(36,164,75,1139,4249,'20:11:00','20:29:00'),(36,165,15,19091,9022,'06:10:00','06:34:00'),(36,170,99,8121,50069,'19:57:00','20:03:00'),(36,171,34,81189,17009,'13:35:00','13:53:00'),(36,173,47,50069,81189,'17:11:00','17:17:00'),(36,182,107,3221,52171,'14:15:00','14:18:00'),(36,200,143,93099,52171,'12:54:00','13:24:00'),(77,13,57,52171,10101,'12:29:00','12:32:00'),(77,13,136,92159,21421,'10:45:00','10:57:00'),(77,15,94,81131,50991,'13:57:00','14:00:00'),(77,20,11,5012,13011,'06:45:00','06:51:00'),(77,23,169,21661,85091,'13:07:00','13:22:00'),(77,25,94,52171,92159,'14:33:00','14:09:00'),(77,33,67,81131,13011,'12:37:00','13:25:00'),(77,37,57,13011,40129,'12:44:00','13:02:00'),(77,40,11,81131,21661,'06:03:00','06:33:00'),(77,64,67,13011,40129,'13:25:00','13:42:00'),(77,65,86,17009,8111,'23:00:00','23:42:00'),(77,71,136,5012,13011,'11:15:00','11:21:00'),(77,73,86,92159,70151,'23:15:00','23:24:00'),(77,73,113,52171,10101,'11:58:00','12:01:00'),(77,86,67,21661,8111,'13:07:00','13:16:00'),(77,92,113,52171,21661,'12:01:00','11:55:00'),(77,99,67,40121,13011,'13:04:00','13:25:00'),(77,99,136,80049,40129,'10:51:00','11:37:00'),(77,118,113,52171,85091,'12:01:00','12:10:00'),(77,119,11,21661,13011,'06:33:00','06:51:00'),(77,128,94,8111,85091,'14:36:00','14:42:00'),(77,144,94,50991,5012,'14:00:00','14:39:00'),(77,145,57,21421,85091,'12:20:00','12:41:00'),(77,145,136,40121,10101,'11:00:00','11:06:00'),(77,147,86,92159,21661,'23:15:00','23:33:00'),(77,159,67,70151,85091,'12:58:00','13:22:00'),(77,168,11,8111,40129,'06:42:00','07:04:00'),(77,173,11,50991,85091,'06:06:00','06:48:00'),(77,174,86,52171,21421,'23:39:00','23:27:00'),(77,176,57,50991,13011,'11:59:00','12:44:00'),(77,180,57,52171,52171,'12:32:00','12:32:00'),(77,185,113,80049,40129,'11:43:00','12:30:00'),(77,185,169,52171,92159,'12:49:00','13:13:00'),(77,187,169,10101,85091,'13:10:00','13:22:00'),(106,1,25,40121,4223,'21:02:00','21:22:00'),(106,4,1,40121,4223,'06:16:00','06:38:00'),(106,10,118,10018,82061,'23:17:00','00:10:00'),(106,11,1,4223,52451,'06:38:00','06:49:00'),(106,23,1,4223,52451,'06:38:00','06:49:00'),(106,25,134,54181,82061,'17:33:00','19:10:00'),(106,25,170,40121,82061,'16:57:00','17:58:00'),(106,42,1,40121,10018,'06:16:00','06:27:00'),(106,49,58,21609,77019,'11:47:00','12:20:00'),(106,59,118,52451,82061,'23:35:00','00:10:00'),(106,84,72,77019,3011,'19:01:00','19:51:00'),(106,88,58,10018,3011,'12:42:00','13:15:00'),(106,103,25,1039,3011,'20:42:00','21:42:00'),(106,110,109,3011,82061,'13:10:00','13:38:00'),(106,129,25,4223,3011,'21:22:00','21:42:00'),(106,142,25,40121,52451,'21:02:00','21:32:00'),(106,161,109,3011,82061,'13:10:00','13:38:00'),(106,165,134,3011,82061,'18:43:00','19:10:00'),(106,184,170,21609,82061,'16:17:00','17:58:00'),(106,199,72,52451,82061,'19:41:00','20:19:00'),(111,14,135,92159,11201,'06:12:00','06:40:00'),(111,15,4,9141,11201,'21:25:00','21:33:00'),(111,22,135,94059,93099,'06:20:00','06:24:00'),(111,24,18,92159,4222,'12:23:00','13:10:00'),(111,30,18,92159,9141,'12:23:00','12:43:00'),(111,61,80,13021,81189,'10:37:00','11:01:00'),(111,62,51,81189,11201,'18:39:00','18:51:00'),(111,72,105,92159,9141,'13:46:00','14:06:00'),(111,74,128,50229,4222,'00:15:00','00:38:00'),(111,74,158,9141,4222,'13:52:00','14:14:00'),(111,76,51,3011,8121,'18:11:00','18:19:00'),(111,79,4,50229,4222,'21:29:00','21:45:00'),(111,81,4,9141,94059,'21:13:00','21:25:00'),(111,88,80,94059,93099,'10:53:00','10:57:00'),(111,113,51,93099,4222,'18:35:00','19:08:00'),(111,115,80,9141,11201,'11:05:00','11:13:00'),(111,120,18,92159,50229,'12:23:00','12:47:00'),(111,124,12,9141,93099,'06:24:00','06:32:00'),(111,130,12,9141,94059,'06:32:00','06:20:00'),(111,134,12,8121,93099,'06:08:00','06:24:00'),(111,136,18,50229,11201,'12:47:00','12:51:00'),(111,138,12,9141,50229,'06:32:00','06:36:00'),(111,149,128,9141,4222,'00:11:00','00:38:00'),(111,176,4,9141,94059,'21:13:00','21:25:00'),(111,176,124,94059,11201,'11:36:00','11:56:00'),(111,179,105,11201,4222,'14:14:00','14:27:00'),(111,186,18,92159,4222,'12:23:00','13:10:00'),(111,186,158,94059,81189,'13:40:00','13:48:00'),(111,187,12,11201,4222,'06:40:00','06:55:00'),(111,190,124,9141,4222,'11:48:00','12:15:00'),(111,196,4,8121,50229,'21:01:00','21:29:00'),(124,2,97,9059,13021,'19:16:00','19:28:00'),(124,12,97,5022,13021,'18:34:00','19:28:00'),(124,15,165,92141,21661,'12:30:00','12:42:00'),(124,25,74,9059,13021,'11:57:00','12:09:00'),(124,32,74,9059,54181,'11:57:00','12:03:00'),(124,34,74,21661,3071,'11:39:00','11:45:00'),(124,40,130,9059,54181,'23:06:00','23:12:00'),(124,46,130,9059,8031,'23:06:00','23:33:00'),(124,50,7,3071,13021,'06:00:00','06:24:00'),(124,67,74,54181,8031,'12:03:00','12:27:00'),(124,78,145,9059,13021,'10:59:00','11:11:00'),(124,83,21,21661,9059,'19:49:00','20:07:00'),(124,84,21,4143,13021,'20:01:00','20:19:00'),(124,84,88,11261,21661,'23:42:00','23:48:00'),(124,92,97,4143,13021,'19:10:00','19:28:00'),(124,97,21,5022,9059,'19:25:00','20:07:00'),(124,112,7,11261,13021,'05:48:00','06:24:00'),(124,114,7,50061,9059,'05:36:00','06:12:00'),(124,122,130,21661,4143,'22:48:00','23:00:00'),(124,133,97,9059,13021,'19:16:00','19:28:00'),(124,139,74,5022,21661,'11:15:00','11:39:00'),(124,142,165,11261,4143,'12:36:00','12:54:00'),(124,143,21,4143,8031,'20:01:00','20:40:00'),(124,144,7,3071,13021,'06:00:00','06:24:00'),(124,147,7,9059,54181,'06:12:00','06:18:00'),(124,149,88,50061,92141,'23:30:00','23:36:00'),(124,150,145,3071,4143,'10:47:00','10:53:00'),(124,158,165,92141,3071,'12:30:00','12:48:00'),(124,163,88,13021,8031,'00:18:00','00:34:00'),(124,163,145,5022,8031,'10:17:00','11:29:00'),(124,172,21,9059,8031,'20:07:00','20:40:00'),(124,177,88,92141,3071,'23:36:00','23:54:00'),(124,192,7,9059,54181,'06:12:00','06:18:00'),(124,192,130,11261,21661,'22:42:00','22:48:00'),(124,198,74,54181,13021,'12:03:00','12:09:00'),(128,3,64,9131,52441,'12:40:00','12:49:00'),(128,30,38,52441,11201,'11:53:00','12:23:00'),(128,47,2,21179,52441,'21:54:00','22:14:00'),(128,59,38,19089,11201,'12:03:00','12:23:00'),(128,86,37,19089,11201,'07:42:00','08:02:00'),(128,95,37,9131,11201,'07:22:00','08:02:00'),(128,102,90,19089,11201,'12:58:00','13:20:00'),(128,104,2,19089,11201,'22:24:00','22:48:00'),(128,166,64,9131,11201,'12:40:00','13:20:00'),(128,198,90,9131,19089,'12:40:00','12:58:00'),(162,26,147,14051,9131,'12:58:00','13:20:00'),(162,45,84,8031,9131,'18:00:00','18:56:00'),(162,53,160,17009,14051,'18:06:00','18:26:00'),(162,95,147,52441,9131,'12:48:00','13:20:00'),(162,108,8,8031,52441,'05:30:00','05:50:00'),(162,134,84,17009,52441,'18:11:00','18:22:00'),(162,136,96,52441,52441,'12:04:00','12:04:00'),(162,157,68,52441,9131,'17:16:00','17:46:00'),(162,161,68,8031,52441,'16:56:00','17:16:00'),(162,173,160,8031,9131,'17:56:00','18:46:00'),(162,188,8,17009,14051,'05:40:00','06:00:00'),(162,200,96,8031,17009,'11:44:00','11:54:00'),(167,15,52,92099,4222,'14:05:00','14:16:00'),(167,62,23,92099,3071,'19:50:00','20:10:00'),(167,64,5,13141,4222,'05:30:00','05:50:00'),(167,86,19,92099,4222,'12:50:00','13:01:00'),(167,102,71,13141,4222,'14:24:00','14:44:00'),(167,107,71,13141,3071,'14:24:00','14:54:00'),(167,119,23,13141,4222,'19:40:00','20:00:00'),(167,124,52,92099,3071,'14:05:00','14:27:00'),(167,134,5,13141,92099,'05:30:00','05:40:00'),(167,168,142,13141,92099,'10:27:00','10:37:00'),(167,188,19,92099,82109,'12:50:00','13:34:00'),(171,10,78,21661,54371,'11:36:00','11:56:00'),(171,33,123,50229,81189,'00:14:00','00:32:00'),(171,61,93,21661,81189,'11:19:00','12:11:00'),(171,73,26,50991,50229,'20:39:00','21:19:00'),(171,73,78,13141,81189,'11:46:00','12:28:00'),(171,100,26,54371,50229,'21:09:00','21:19:00'),(171,101,41,50229,81189,'06:20:00','06:40:00'),(171,124,41,50991,13141,'05:40:00','06:00:00'),(171,136,127,19031,54371,'23:28:00','00:04:00'),(171,159,127,50991,54371,'23:37:00','00:04:00'),(171,163,148,19031,50991,'13:48:00','13:58:00'),(171,178,148,13141,54371,'14:18:00','14:28:00'),(171,194,93,13141,54371,'11:29:00','11:39:00'),(171,194,123,19031,21661,'23:29:00','23:47:00'),(174,15,138,8031,10018,'18:25:00','19:10:00'),(174,27,9,8031,10018,'06:35:00','07:15:00'),(174,28,9,19089,21179,'06:09:00','06:22:00'),(174,38,6,10101,10018,'20:21:00','21:38:00'),(174,38,131,80219,10018,'15:36:00','16:07:00'),(174,38,138,19089,8031,'17:59:00','18:25:00'),(174,41,131,92241,8031,'14:36:00','15:24:00'),(174,44,166,8031,10018,'15:16:00','15:56:00'),(174,54,6,92241,19089,'20:09:00','20:33:00'),(174,100,166,92241,8031,'14:28:00','15:16:00'),(174,104,9,80219,10018,'06:48:00','07:15:00'),(174,120,6,21179,21179,'20:45:00','20:45:00'),(174,121,76,21179,10018,'22:12:00','23:08:00'),(174,127,108,8031,80219,'20:59:00','21:12:00'),(174,140,76,21179,8031,'22:12:00','22:25:00'),(174,146,108,94059,21179,'19:54:00','20:46:00'),(174,167,9,94059,10101,'05:30:00','05:56:00'),(174,176,6,8031,80219,'20:57:00','21:09:00'),(175,19,13,81131,10101,'06:11:00','06:33:00'),(175,29,65,40129,3223,'15:01:00','15:33:00'),(175,30,33,40129,3223,'19:39:00','20:12:00'),(175,30,65,40129,10101,'15:01:00','15:11:00'),(175,33,44,81131,40129,'12:29:00','12:39:00'),(175,34,55,10101,3223,'20:21:00','20:44:00'),(175,60,13,40129,3223,'06:22:00','06:55:00'),(175,72,55,40129,3223,'20:11:00','20:44:00'),(175,153,33,10101,3223,'19:49:00','20:12:00'),(175,172,44,40129,10101,'12:39:00','12:49:00'),(190,6,56,50211,50991,'21:35:00','21:56:00'),(190,8,110,50211,50991,'14:24:00','14:42:00'),(190,17,42,50211,50991,'14:21:00','14:39:00'),(190,22,133,50991,82061,'06:08:00','06:20:00'),(190,24,27,11261,4223,'20:58:00','21:10:00'),(190,28,36,4223,5022,'06:26:00','06:45:00'),(190,38,156,4223,5022,'13:15:00','13:33:00'),(190,52,62,82061,5022,'13:05:00','13:28:00'),(190,56,56,50991,4223,'21:56:00','22:17:00'),(190,56,62,82061,5022,'13:05:00','13:28:00'),(190,63,91,50991,82061,'21:28:00','21:40:00'),(190,90,36,82061,5022,'06:20:00','06:45:00'),(190,126,27,12031,4223,'20:40:00','21:10:00'),(190,134,110,50991,50991,'14:42:00','14:42:00'),(190,145,91,50211,5022,'21:10:00','22:03:00'),(190,182,42,4223,5022,'14:57:00','15:11:00'),(190,190,156,50991,5022,'12:57:00','13:33:00'),(190,200,133,50991,82061,'06:08:00','06:20:00'),(502,14,49,21179,81131,'22:39:00','22:56:00'),(502,15,87,21661,82109,'22:24:00','22:30:00'),(502,38,89,14059,8111,'10:43:00','11:19:00'),(502,39,139,21179,81131,'14:17:00','14:34:00'),(502,39,171,92099,21179,'11:52:00','12:04:00'),(502,40,10,21609,8111,'06:07:00','06:37:00'),(502,47,139,14059,82109,'13:35:00','13:59:00'),(502,49,171,21661,92099,'11:40:00','11:52:00'),(502,60,87,8111,81131,'22:42:00','23:03:00'),(502,64,66,21609,82049,'18:27:00','18:33:00'),(502,70,10,21609,82049,'06:07:00','06:13:00'),(502,71,49,92099,81131,'22:27:00','22:56:00'),(502,82,10,82049,81131,'06:13:00','06:59:00'),(502,116,10,92099,81131,'06:31:00','06:59:00'),(502,116,66,21609,81131,'18:27:00','19:19:00'),(502,148,49,21609,82049,'22:03:00','22:09:00'),(502,159,66,21179,81131,'19:03:00','19:19:00'),(502,164,49,82109,21179,'22:21:00','22:39:00'),(502,167,66,82109,21179,'18:45:00','19:03:00'),(502,177,89,21661,82109,'11:01:00','11:07:00'),(518,13,83,9059,9141,'21:15:00','21:23:00'),(518,38,14,9059,11201,'06:16:00','06:32:00'),(518,38,69,9059,4143,'18:37:00','19:04:00'),(518,45,151,4143,50211,'17:52:00','18:12:00'),(518,73,103,13141,85019,'16:33:00','16:42:00'),(518,79,83,85019,9059,'21:07:00','21:15:00'),(518,80,14,9059,11201,'06:16:00','06:32:00'),(518,88,46,4143,50211,'22:25:00','22:46:00'),(518,102,103,13141,9141,'16:33:00','17:00:00'),(518,106,151,13141,11201,'17:12:00','17:44:00'),(518,119,163,9141,11201,'10:53:00','11:02:00'),(518,124,46,9141,11201,'22:07:00','22:16:00'),(518,175,69,85019,9059,'18:28:00','18:37:00'),(518,180,163,13141,11201,'10:26:00','11:02:00'),(587,30,150,12031,50991,'15:58:00','16:37:00'),(587,49,35,50991,10101,'20:05:00','20:29:00'),(587,58,16,12031,10101,'07:40:00','08:50:00'),(587,67,35,50991,21661,'20:05:00','20:59:00'),(587,69,167,7021,21661,'08:06:00','09:15:00'),(587,91,16,10101,21661,'08:50:00','09:21:00'),(587,101,122,7021,50991,'23:50:00','00:01:00'),(587,144,54,12031,80219,'11:46:00','12:42:00'),(587,150,79,70019,50991,'16:56:00','17:22:00'),(587,150,150,70019,50991,'16:11:00','16:37:00'),(587,157,54,80219,10101,'12:42:00','12:56:00'),(587,181,79,50991,10101,'17:22:00','17:48:00'),(587,186,167,70019,80219,'07:53:00','08:32:00'),(587,195,122,7021,80219,'23:50:00','00:12:00'),(590,22,3,5022,92099,'07:58:00','08:04:00'),(590,28,50,10091,17229,'20:03:00','20:18:00'),(590,38,117,92099,17229,'13:50:00','14:13:00'),(590,40,29,19091,92099,'21:00:00','21:14:00'),(590,42,3,70151,5022,'07:40:00','07:58:00'),(590,44,50,10091,17229,'20:03:00','20:18:00'),(590,64,59,5022,92099,'15:35:00','15:41:00'),(590,130,117,19091,10091,'13:38:00','13:56:00'),(590,133,102,70151,10091,'20:39:00','21:09:00'),(590,134,29,21609,5022,'20:53:00','21:07:00'),(590,137,102,10091,17229,'21:09:00','21:24:00'),(590,147,59,92099,10091,'15:41:00','15:47:00'),(590,162,45,19091,92099,'14:51:00','15:03:00'),(590,199,45,10091,17229,'15:09:00','15:27:00'),(598,8,100,13211,5012,'12:08:00','12:20:00'),(598,11,32,40011,54371,'08:05:00','08:25:00'),(598,23,100,54371,5029,'12:16:00','12:33:00'),(598,32,100,3221,1029,'11:44:00','12:00:00'),(598,45,53,10018,40011,'19:47:00','19:55:00'),(598,46,77,80049,13211,'14:11:00','14:43:00'),(598,47,77,10018,1029,'14:23:00','14:35:00'),(598,63,82,13211,54371,'18:31:00','18:39:00'),(598,84,53,50069,5029,'20:11:00','20:37:00'),(598,91,53,40011,13211,'19:55:00','20:07:00'),(598,103,32,84009,5029,'08:13:00','08:45:00'),(598,115,82,1029,50069,'18:23:00','18:35:00'),(598,123,152,70151,50069,'16:08:00','16:28:00'),(598,138,132,40011,84009,'18:19:00','18:27:00'),(598,140,116,84009,54371,'16:38:00','16:50:00'),(598,141,116,10018,13211,'16:22:00','16:42:00'),(598,146,32,84009,50069,'08:13:00','08:21:00'),(598,151,53,3221,54371,'19:43:00','20:15:00'),(598,154,152,5012,5029,'16:36:00','16:49:00'),(598,159,32,5012,5029,'08:29:00','08:45:00'),(598,163,132,70151,5029,'18:15:00','18:57:00'),(598,186,82,54371,5029,'18:39:00','18:53:00'),(598,187,77,40011,84009,'14:31:00','14:39:00');
